[
  {
    "accuracy": 75,
    "ename": "Slam",
    "id": 21,
    "power": 80,
    "pp": 20,
    "type": "Normal"
  },
  {
    "accuracy": 100,
    "ename": "Vine Whip",
    "id": 22,
    "power": 45,
    "pp": 25,
    "type": "Grass"
  },
  {
    "accuracy": 100,
    "ename": "Stomp",
    "id": 23,
    "power": 65,
    "pp": 20,
    "type": "Normal"
  },
  {
    "accuracy": 100,
    "ename": "Double Kick",
    "id": 24,
    "power": 30,
    "pp": 30,
    "type": "Fighting"
  },
  {
    "accuracy": 75,
    "ename": "Mega Kick",
    "id": 25,
    "power": 120,
    "pp": 5,
    "type": "Normal"
  },
  {
    "accuracy": 95,
    "ename": "Jump Kick",
    "id": 26,
    "power": 130,
    "pp": 10,
    "type": "Fighting"
  },
  {
    "accuracy": 85,
    "ename": "Rolling Kick",
    "id": 27,
    "power": 60,
    "pp": 15,
    "type": "Fighting"
  },
  {
    "accuracy": 100,
    "ename": "Poison Sting",
    "id": 40,
    "power": 15,
    "pp": 35,
    "type": "Poison"
  },
  {
    "accuracy": 100,
    "ename": "Twineedle",
    "id": 41,
    "power": 25,
    "pp": 20,
    "type": "Bug"
  },
  {
    "accuracy": 95,
    "ename": "Pin Missile",
    "id": 42,
    "power": 25,
    "pp": 20,
    "type": "Bug"
  },
  {
    "accuracy": 100,
    "ename": "Acid",
    "id": 51,
    "power": 40,
    "pp": 30,
    "type": "Poison"
  },
  {
    "accuracy": 100,
    "ename": "Ember",
    "id": 52,
    "power": 40,
    "pp": 25,
    "type": "Fire"
  },
  {
    "accuracy": 100,
    "ename": "Water Gun",
    "id": 55,
    "power": 40,
    "pp": 25,
    "type": "Water"
  },
  {
    "accuracy": 80,
    "ename": "Hydro Pump",
    "id": 56,
    "power": 110,
    "pp": 5,
    "type": "Water"
  },
  {
    "accuracy": 100,
    "ename": "Surf",
    "id": 57,
    "power": 90,
    "pp": 15,
    "type": "Water"
  }
]
