{
  "rooms": [
    {
      "name": "room2",
      "previous_room": "room1",
      "next_room": "room3",
      "description": "This is the second room",
      "characters": [
        {
          "name": "Ash",
          "description": "He's gonna catch them all",
          "pokemon": "Ivysaur"
        },
        {
          "name": "Joe",
          "description": "He's sadly not gonna catch them all",
          "pokemon": "Bulbasaur"
        }
      ]
    },
    {
      "name": "room1",
      "previous_room": "room3",
      "next_room": "room2",
      "description": "This is the first room",
      "characters": [
        {
          "name": "Pat",
          "description": "He might with a decent probability catch them all",
          "pokemon": "Charmander"
        }
      ]
    },
    {
      "name": "room3",
      "previous_room": "room2",
      "next_room": "room1",
      "description": "This is the third room",
      "characters": []
    }
  ],
  "description": " This is the first game",
  "start_room": "room1"
}
