[
  {
    "id": 1,
    "name": "Bulbasaur",
    "description": "Bulbasaur can be seen napping in bright sunlight. There is a seed on its back. By soaking up the sun's rays, the seed grows progressively larger.",
    "type": "Grass",
    "base": {
      "HP": 45,
      "Attack": 49,
      "Defense": 49,
      "Sp. Attack": 65,
      "Sp. Defense": 65,
      "Speed": 45
    },
    "attacks": ["Vine Whip", "Stomp", "Water Gun", "Ember"]
  },
  {
    "id": 2,
    "name": "Ivysaur",
    "description": "There is a bud on this Pokémon's back. To support its weight, Ivysaur's legs and trunk grow thick and strong. If it starts spending more time lying in the sunlight, it's a sign that the bud will bloom into a large flower soon.",
    "type": "Grass",
    "base": {
      "HP": 60,
      "Attack": 62,
      "Defense": 63,
      "Sp. Attack": 80,
      "Sp. Defense": 80,
      "Speed": 60
    },
    "attacks": ["Vine Whip", "Stomp", "Water Gun", "Ember"]
  },
  {
    "id": 3,
    "name": "Venusaur",
    "description": "There is a large flower on Venusaur's back. The flower is said to take on vivid colors if it gets plenty of nutrition and sunlight. The flower's aroma soothes the emotions of people.",
    "type": "Poison",
    "base": {
      "HP": 80,
      "Attack": 82,
      "Defense": 83,
      "Sp. Attack": 100,
      "Sp. Defense": 100,
      "Speed": 80
    },
    "attacks": ["Vine Whip", "Stomp", "Water Gun", "Ember"]
  },
  {
    "id": 4,
    "name": "Charmander",
    "description": "The flame that burns at the tip of its tail is an indication of its emotions. The flame wavers when Charmander is enjoying itself. If the Pokémon becomes enraged, the flame burns fiercely.",
    "type": "Fire",
    "base": {
      "HP": 39,
      "Attack": 52,
      "Defense": 43,
      "Sp. Attack": 60,
      "Sp. Defense": 50,
      "Speed": 65
    },
    "attacks": ["Vine Whip", "Stomp", "Water Gun", "Ember"]
  },
  {
    "id": 5,
    "name": "Charmeleon",
    "description": "Charmeleon mercilessly destroys its foes using its sharp claws. If it encounters a strong foe, it turns aggressive. In this excited state, the flame at the tip of its tail flares with a bluish white color.",
    "type": "Fire",
    "base": {
      "HP": 58,
      "Attack": 64,
      "Defense": 58,
      "Sp. Attack": 80,
      "Sp. Defense": 65,
      "Speed": 80
    },
    "attacks": ["Vine Whip", "Stomp", "Water Gun", "Ember"]
  },
  {
    "id": 6,
    "name": "Charizard",
    "description": "Charizard flies around the sky in search of powerful opponents. It breathes fire of such great heat that it melts anything. However, it never turns its fiery breath on any opponent weaker than itself.",
    "type": "Flying",
    "base": {
      "HP": 78,
      "Attack": 84,
      "Defense": 78,
      "Sp. Attack": 109,
      "Sp. Defense": 85,
      "Speed": 100
    },
    "attacks": ["Vine Whip", "Stomp", "Water Gun", "Ember"]
  }
]
